TAXON_NAME,Total_Abundance,Site_Frequency,Kingdom,Phylum,Subphylum,Class,Subclass,Infraclass,Superorder,Order,Suborder,Infraorder,Superfamily,Family,Subfamily,Tribe,Subtribe,Genus,Subgenus,Species,Subspecies
Ablabesmyia (Karelia),1,1,Animalia,Arthropoda,Hexapoda,Insecta,NA,NA,NA,Diptera,Nematocera,NA,NA,Chironomidae,Tanypodinae,Pentaneurini,NA,Ablabesmyia,Ablabesmyia (Karelia),sp.,NA
Ablabesmyia mallochi,2615,136,Animalia,Arthropoda,Hexapoda,Insecta,NA,NA,NA,Diptera,Nematocera,NA,NA,Chironomidae,Tanypodinae,Pentaneurini,NA,Ablabesmyia,NA,Ablabesmyia mallochi,NA
Ablabesmyia peleensis,2,1,Animalia,Arthropoda,Hexapoda,Insecta,NA,NA,NA,Diptera,Nematocera,NA,NA,Chironomidae,Tanypodinae,Pentaneurini,NA,Ablabesmyia,NA,Ablabesmyia peleensis,NA
Ablabesmyia rhamphe gr.,57,4,Animalia,Arthropoda,Hexapoda,Insecta,NA,NA,NA,Diptera,Nematocera,NA,NA,Chironomidae,Tanypodinae,Pentaneurini,NA,Ablabesmyia,NA,Ablabesmyia rhamphe gr.,NA
Ablabesmyia sp.,139,24,Animalia,Arthropoda,Hexapoda,Insecta,NA,NA,NA,Diptera,Nematocera,NA,NA,Chironomidae,Tanypodinae,Pentaneurini,NA,Ablabesmyia,NA,sp.,NA
Acanthocephala,1,1,Animalia,Acanthocephala,NA,NA,NA,NA,NA,NA,NA,NA,NA,NA,NA,NA,NA,NA,NA,NA,NA
Acari,2,2,Animalia,Arthropoda,Chelicerata,Arachnida,Acari,NA,NA,NA,NA,NA,NA,NA,NA,NA,NA,NA,NA,NA,NA
Acentrella parvula,21,6,Animalia,Arthropoda,Hexapoda,Insecta,NA,NA,NA,Ephemeroptera,NA,NA,NA,Baetidae,NA,NA,NA,Acentrella,NA,Acentrella parvula,NA
Acerpenna pygmaea,244,21,Animalia,Arthropoda,Hexapoda,Insecta,NA,NA,NA,Ephemeroptera,NA,NA,NA,Baetidae,NA,NA,NA,Acerpenna,NA,Acerpenna pygmaea,NA
Acerpenna sp.,296,48,Animalia,Arthropoda,Hexapoda,Insecta,NA,NA,NA,Ephemeroptera,NA,NA,NA,Baetidae,NA,NA,NA,Acerpenna,NA,sp.,NA
Aedes sp.,11,4,Animalia,Arthropoda,Hexapoda,Insecta,NA,NA,NA,Diptera,Nematocera,NA,NA,Culicidae,NA,NA,NA,Aedes,NA,sp.,NA
Aeshnidae,12,11,Animalia,Arthropoda,Hexapoda,Insecta,NA,NA,NA,Odonata,Anisoptera,NA,NA,Aeshnidae,NA,NA,NA,NA,NA,NA,NA
Agabus sp.,17,5,Animalia,Arthropoda,Hexapoda,Insecta,Pterygota,Neoptera,NA,Coleoptera,Adephaga,NA,NA,Dytiscidae,Colymbetinae,NA,NA,Agabus,NA,sp.,NA
Alotanypus sp.,1,1,Animalia,Arthropoda,Hexapoda,Insecta,NA,NA,NA,Diptera,Nematocera,NA,NA,Chironomidae,Tanypodinae,Macropelopiini,NA,Alotanypus,NA,sp.,NA
Anacaena sp.,1,1,Animalia,Arthropoda,Hexapoda,Insecta,Pterygota,Neoptera,NA,Coleoptera,Polyphaga,NA,NA,Hydrophilidae,NA,NA,NA,Anacaena,NA,sp.,NA
Anafroptilum sp.,19,9,Animalia,Arthropoda,Hexapoda,Insecta,NA,NA,NA,Ephemeroptera,NA,NA,NA,Baetidae,NA,NA,NA,Anafroptilum,NA,sp.,NA
Ancylidae,2,2,Animalia,Mollusca,NA,Gastropoda,NA,NA,NA,Basommatophora,NA,NA,NA,Ancylidae,NA,NA,NA,NA,NA,NA,NA
Ancyronyx variegatus,92,25,Animalia,Arthropoda,Hexapoda,Insecta,Pterygota,Neoptera,NA,Coleoptera,Polyphaga,NA,NA,Elmidae,NA,NA,NA,Ancyronyx,NA,Ancyronyx variegatus,NA
Anisoptera,3,3,Animalia,Arthropoda,Hexapoda,Insecta,NA,NA,NA,Odonata,Anisoptera,NA,NA,NA,NA,NA,NA,NA,NA,NA,NA
Anopheles sp.,69,35,Animalia,Arthropoda,Hexapoda,Insecta,NA,NA,NA,Diptera,Nematocera,NA,NA,Culicidae,NA,NA,NA,Anopheles,NA,sp.,NA
Argia sp.,744,68,Animalia,Arthropoda,Hexapoda,Insecta,NA,NA,NA,Odonata,Zygoptera,NA,NA,Coenagrionidae,NA,NA,NA,Argia,NA,sp.,NA
Asellidae,1,1,Animalia,Arthropoda,Crustacea,Malacostraca,Eumalacostraca,NA,Peracarida,Isopoda,Asellota,NA,Aselloidea,Asellidae,NA,NA,NA,NA,NA,NA,NA
Atrichopogon sp.,14,12,Animalia,Arthropoda,Hexapoda,Insecta,NA,NA,NA,Diptera,Nematocera,NA,NA,Ceratopogonidae,Forcipomyiinae,NA,NA,Atrichopogon,NA,sp.,NA
Atylotus/Tabanus sp.,9,7,Animalia,Arthropoda,Hexapoda,Insecta,NA,NA,NA,Diptera,Brachycera,NA,NA,Tabanidae,NA,NA,NA,Atylotus/Tabanus,NA,sp.,NA
Axarus sp.,1,1,Animalia,Arthropoda,Hexapoda,Insecta,NA,NA,NA,Diptera,Nematocera,NA,NA,Chironomidae,Chironominae,Chironomini,NA,Axarus,NA,sp.,NA
Baetidae,2,2,Animalia,Arthropoda,Hexapoda,Insecta,NA,NA,NA,Ephemeroptera,NA,NA,NA,Baetidae,NA,NA,NA,NA,NA,NA,NA
Baetis flavistriga,235,29,Animalia,Arthropoda,Hexapoda,Insecta,NA,NA,NA,Ephemeroptera,NA,NA,NA,Baetidae,NA,NA,NA,Baetis,NA,Baetis flavistriga,NA
Baetis intercalaris,711,47,Animalia,Arthropoda,Hexapoda,Insecta,NA,NA,NA,Ephemeroptera,NA,NA,NA,Baetidae,NA,NA,NA,Baetis,NA,Baetis intercalaris,NA
Baetis sp.,5,4,Animalia,Arthropoda,Hexapoda,Insecta,NA,NA,NA,Ephemeroptera,NA,NA,NA,Baetidae,NA,NA,NA,Baetis,NA,sp.,NA
Basiaeschna janata,97,45,Animalia,Arthropoda,Hexapoda,Insecta,NA,NA,NA,Odonata,Anisoptera,NA,NA,Aeshnidae,NA,NA,NA,Basiaeschna,NA,Basiaeschna janata,NA
Belostoma sp.,5,3,Animalia,Arthropoda,Hexapoda,Insecta,Pterygota,Neoptera,NA,Hemiptera,Heteroptera,NA,NA,Belostomatidae,NA,NA,NA,Belostoma,NA,sp.,NA
Belostomatidae,4,2,Animalia,Arthropoda,Hexapoda,Insecta,Pterygota,Neoptera,NA,Hemiptera,Heteroptera,NA,NA,Belostomatidae,NA,NA,NA,NA,NA,NA,NA
Berosus sp.,72,32,Animalia,Arthropoda,Hexapoda,Insecta,Pterygota,Neoptera,NA,Coleoptera,Polyphaga,NA,NA,Hydrophilidae,NA,NA,NA,Berosus,NA,sp.,NA
Bezzia/Palpomyia sp.,7,3,Animalia,Arthropoda,Hexapoda,Insecta,NA,NA,NA,Diptera,Nematocera,NA,NA,Ceratopogonidae,Ceratopogoninae,NA,NA,Bezzia/Palpomyia,NA,sp.,NA
Bivalvia,1,1,Animalia,Mollusca,NA,Bivalvia,NA,NA,NA,NA,NA,NA,NA,NA,NA,NA,NA,NA,NA,NA,NA
Boyeria sp.,3,3,Animalia,Arthropoda,Hexapoda,Insecta,NA,NA,NA,Odonata,Anisoptera,NA,NA,Aeshnidae,NA,NA,NA,Boyeria,NA,sp.,NA
Boyeria vinosa,14,9,Animalia,Arthropoda,Hexapoda,Insecta,NA,NA,NA,Odonata,Anisoptera,NA,NA,Aeshnidae,NA,NA,NA,Boyeria,NA,Boyeria vinosa,NA
Brachycentrus americanus,1,1,Animalia,Arthropoda,Hexapoda,Insecta,Pterygota,Neoptera,NA,Trichoptera,NA,NA,NA,Brachycentridae,NA,NA,NA,Brachycentrus,NA,Brachycentrus americanus,NA
Brachycercinae,2,1,Animalia,Arthropoda,Hexapoda,Insecta,NA,NA,NA,Ephemeroptera,NA,NA,NA,Caenidae,Brachycercinae,NA,NA,NA,NA,NA,NA
Brillia sp.,10,7,Animalia,Arthropoda,Hexapoda,Insecta,NA,NA,NA,Diptera,Nematocera,NA,NA,Chironomidae,Orthocladiinae,NA,NA,Brillia,NA,sp.,NA
Caecidotea intermedia,99,3,Animalia,Arthropoda,Crustacea,Malacostraca,Eumalacostraca,NA,Peracarida,Isopoda,Asellota,NA,Aselloidea,Asellidae,NA,NA,NA,Caecidotea,NA,Caecidotea intermedia,NA
Caecidotea racovitzai,537,2,Animalia,Arthropoda,Crustacea,Malacostraca,Eumalacostraca,NA,Peracarida,Isopoda,Asellota,NA,Aselloidea,Asellidae,NA,NA,NA,Caecidotea,NA,Caecidotea racovitzai,NA
Caecidotea sp.,571,28,Animalia,Arthropoda,Crustacea,Malacostraca,Eumalacostraca,NA,Peracarida,Isopoda,Asellota,NA,Aselloidea,Asellidae,NA,NA,NA,Caecidotea,NA,sp.,NA
Caenis hilaris,27,5,Animalia,Arthropoda,Hexapoda,Insecta,NA,NA,NA,Ephemeroptera,NA,NA,NA,Caenidae,NA,NA,NA,Caenis,NA,Caenis hilaris,NA
Caenis latipennis,342,14,Animalia,Arthropoda,Hexapoda,Insecta,NA,NA,NA,Ephemeroptera,NA,NA,NA,Caenidae,NA,NA,NA,Caenis,NA,Caenis latipennis,NA
Caenis sp.,1238,74,Animalia,Arthropoda,Hexapoda,Insecta,NA,NA,NA,Ephemeroptera,NA,NA,NA,Caenidae,NA,NA,NA,Caenis,NA,sp.,NA
Callibaetis sp.,119,31,Animalia,Arthropoda,Hexapoda,Insecta,NA,NA,NA,Ephemeroptera,NA,NA,NA,Baetidae,NA,NA,NA,Callibaetis,NA,sp.,NA
Calopterygidae,57,14,Animalia,Arthropoda,Hexapoda,Insecta,NA,NA,NA,Odonata,Zygoptera,NA,NA,Calopterygidae,NA,NA,NA,NA,NA,NA,NA
Calopteryx sp.,197,37,Animalia,Arthropoda,Hexapoda,Insecta,NA,NA,NA,Odonata,Zygoptera,NA,NA,Calopterygidae,NA,NA,NA,Calopteryx,NA,sp.,NA
Cambaridae,386,87,Animalia,Arthropoda,Crustacea,Malacostraca,Eumalacostraca,NA,Eucarida,Decapoda,Pleocyemata,Astacidea,Astacoidea,Cambaridae,NA,NA,NA,NA,NA,NA,NA
Campeloma decisum,3,1,Animalia,Mollusca,NA,Gastropoda,Prosobranchia,NA,NA,Architaenioglossa,NA,NA,NA,Viviparidae,NA,NA,NA,Campeloma,NA,Campeloma decisum,NA
Capniidae,1,1,Animalia,Arthropoda,Hexapoda,Insecta,Pterygota,Neoptera,NA,Plecoptera,NA,NA,NA,Capniidae,NA,NA,NA,NA,NA,NA,NA
Cenocorixa sp.,7,2,Animalia,Arthropoda,Hexapoda,Insecta,Pterygota,Neoptera,NA,Hemiptera,Heteroptera,NA,NA,Corixidae,NA,NA,NA,Cenocorixa,NA,sp.,NA
Centroptilum sp.,48,19,Animalia,Arthropoda,Hexapoda,Insecta,NA,NA,NA,Ephemeroptera,NA,NA,NA,Baetidae,NA,NA,NA,Centroptilum,NA,sp.,NA
Ceraclea sp.,7,3,Animalia,Arthropoda,Hexapoda,Insecta,Pterygota,Neoptera,NA,Trichoptera,NA,NA,NA,Leptoceridae,NA,NA,NA,Ceraclea,NA,sp.,NA
Ceratopogonidae,8,8,Animalia,Arthropoda,Hexapoda,Insecta,NA,NA,NA,Diptera,Nematocera,NA,NA,Ceratopogonidae,NA,NA,NA,NA,NA,NA,NA
Ceratopogoninae,34,24,Animalia,Arthropoda,Hexapoda,Insecta,NA,NA,NA,Diptera,Nematocera,NA,NA,Ceratopogonidae,Ceratopogoninae,NA,NA,NA,NA,NA,NA
Chaoborus sp.,11,6,Animalia,Arthropoda,Hexapoda,Insecta,NA,NA,NA,Diptera,Nematocera,NA,NA,Chaoboridae,NA,NA,NA,Chaoborus,NA,sp.,NA
Chauliodes sp.,7,6,Animalia,Arthropoda,Hexapoda,Insecta,Pterygota,Neoptera,Neuropterida,Megaloptera,NA,NA,NA,Corydalidae,Chauliodinae,NA,NA,Chauliodes,NA,sp.,NA
Chauliodinae,1,1,Animalia,Arthropoda,Hexapoda,Insecta,Pterygota,Neoptera,Neuropterida,Megaloptera,NA,NA,NA,Corydalidae,Chauliodinae,NA,NA,NA,NA,NA,NA
Cheumatopsyche sp.,6360,135,Animalia,Arthropoda,Hexapoda,Insecta,Pterygota,Neoptera,NA,Trichoptera,NA,NA,NA,Hydropsychidae,Hydropsychinae,NA,NA,Cheumatopsyche,NA,sp.,NA
Chimarra obscura,12,4,Animalia,Arthropoda,Hexapoda,Insecta,Pterygota,Neoptera,NA,Trichoptera,NA,NA,NA,Philopotamidae,NA,NA,NA,Chimarra,NA,Chimarra obscura,NA
Chimarra sp.,3,2,Animalia,Arthropoda,Hexapoda,Insecta,Pterygota,Neoptera,NA,Trichoptera,NA,NA,NA,Philopotamidae,NA,NA,NA,Chimarra,NA,sp.,NA
Chironomini,1,1,Animalia,Arthropoda,Hexapoda,Insecta,NA,NA,NA,Diptera,Nematocera,NA,NA,Chironomidae,Chironominae,Chironomini,NA,NA,NA,NA,NA
Chironomus sp.,1876,125,Animalia,Arthropoda,Hexapoda,Insecta,NA,NA,NA,Diptera,Nematocera,NA,NA,Chironomidae,Chironominae,Chironomini,NA,Chironomus,NA,sp.,NA
Chrysops sp.,19,11,Animalia,Arthropoda,Hexapoda,Insecta,NA,NA,NA,Diptera,Brachycera,NA,NA,Tabanidae,NA,NA,NA,Chrysops,NA,sp.,NA
Cincinnatia sp.,79,1,Animalia,Mollusca,NA,Gastropoda,Caenogastropoda,NA,NA,Littoridinomorpha,NA,NA,Truncatelloidea,Hydrobiidae,NA,NA,NA,Cincinnatia,NA,sp.,NA
Cladopelma sp.,4,3,Animalia,Arthropoda,Hexapoda,Insecta,NA,NA,NA,Diptera,Nematocera,NA,NA,Chironomidae,Chironominae,Chironomini,NA,Cladopelma,NA,sp.,NA
Cladotanytarsus sp.,2232,95,Animalia,Arthropoda,Hexapoda,Insecta,NA,NA,NA,Diptera,Nematocera,NA,NA,Chironomidae,Chironominae,Tanytarsini,NA,Cladotanytarsus,NA,sp.,NA
Clinotanypus sp.,30,14,Animalia,Arthropoda,Hexapoda,Insecta,NA,NA,NA,Diptera,Nematocera,NA,NA,Chironomidae,Tanypodinae,Coelotanypodini,NA,Clinotanypus,NA,sp.,NA
Coenagrion/Enallagma sp.,217,29,Animalia,Arthropoda,Hexapoda,Insecta,NA,NA,NA,Odonata,Zygoptera,NA,NA,Coenagrionidae,NA,NA,NA,Coenagrion/Enallagma,NA,sp.,NA
Coenagrionidae,223,55,Animalia,Arthropoda,Hexapoda,Insecta,NA,NA,NA,Odonata,Zygoptera,NA,NA,Coenagrionidae,NA,NA,NA,NA,NA,NA,NA
Copelatus sp.,4,3,Animalia,Arthropoda,Hexapoda,Insecta,Pterygota,Neoptera,NA,Coleoptera,Adephaga,NA,NA,Dytiscidae,Copelatinae,NA,NA,Copelatus,NA,sp.,NA
Coptotomus sp.,1,1,Animalia,Arthropoda,Hexapoda,Insecta,Pterygota,Neoptera,NA,Coleoptera,Adephaga,NA,NA,Dytiscidae,Colymbetinae,NA,NA,Coptotomus,NA,sp.,NA
Corbicula sp.,318,36,Animalia,Mollusca,NA,Bivalvia,Heterodonta,NA,NA,Veneroida,NA,NA,Corbiculoidea,Corbiculidae,NA,NA,NA,Corbicula,NA,sp.,NA
Corbiculoidea,1,1,Animalia,Mollusca,NA,Bivalvia,Heterodonta,NA,NA,Veneroida,NA,NA,Corbiculoidea,NA,NA,NA,NA,NA,NA,NA,NA
Cordulegaster sp.,2,2,Animalia,Arthropoda,Hexapoda,Insecta,NA,NA,NA,Odonata,Anisoptera,NA,NA,Cordulegastridae,NA,NA,NA,Cordulegaster,NA,sp.,NA
Corduliidae,5,4,Animalia,Arthropoda,Hexapoda,Insecta,NA,NA,NA,Odonata,Anisoptera,NA,NA,Corduliidae,NA,NA,NA,NA,NA,NA,NA
Corixidae,55,23,Animalia,Arthropoda,Hexapoda,Insecta,Pterygota,Neoptera,NA,Hemiptera,Heteroptera,NA,NA,Corixidae,NA,NA,NA,NA,NA,NA,NA
Corydalidae,2,1,Animalia,Arthropoda,Hexapoda,Insecta,Pterygota,Neoptera,Neuropterida,Megaloptera,NA,NA,NA,Corydalidae,NA,NA,NA,NA,NA,NA,NA
Corydalus cornutus,8,4,Animalia,Arthropoda,Hexapoda,Insecta,Pterygota,Neoptera,Neuropterida,Megaloptera,NA,NA,NA,Corydalidae,Corydalinae,NA,NA,Corydalus,NA,Corydalus cornutus,NA
Corydalus sp.,1,1,Animalia,Arthropoda,Hexapoda,Insecta,Pterygota,Neoptera,Neuropterida,Megaloptera,NA,NA,NA,Corydalidae,Corydalinae,NA,NA,Corydalus,NA,sp.,NA
Corynoneura sp.,81,30,Animalia,Arthropoda,Hexapoda,Insecta,NA,NA,NA,Diptera,Nematocera,NA,NA,Chironomidae,Orthocladiinae,NA,NA,Corynoneura,NA,sp.,NA
Crangonyx sp.,57,12,Animalia,Arthropoda,Crustacea,Malacostraca,Eumalacostraca,NA,Peracarida,Amphipoda,Gammaridea,NA,NA,Crangonyctidae,NA,NA,NA,Crangonyx,NA,sp.,NA
Cricotopus bicinctus gr.,855,69,Animalia,Arthropoda,Hexapoda,Insecta,NA,NA,NA,Diptera,Nematocera,NA,NA,Chironomidae,Orthocladiinae,NA,NA,Cricotopus,Cricotopus (Cricotopus),Cricotopus bicinctus gr.,NA
Cricotopus sp.,98,28,Animalia,Arthropoda,Hexapoda,Insecta,NA,NA,NA,Diptera,Nematocera,NA,NA,Chironomidae,Orthocladiinae,NA,NA,Cricotopus,NA,sp.,NA
Cricotopus trifascia gr.,20,6,Animalia,Arthropoda,Hexapoda,Insecta,NA,NA,NA,Diptera,Nematocera,NA,NA,Chironomidae,Orthocladiinae,NA,NA,Cricotopus,Cricotopus (Cricotopus),Cricotopus trifascia gr.,NA
Cricotopus/Orthocladius sp.,19,10,Animalia,Arthropoda,Hexapoda,Insecta,NA,NA,NA,Diptera,Nematocera,NA,NA,Chironomidae,Orthocladiinae,NA,NA,Cricotopus/Orthocladius,NA,sp.,NA
Cryptochironomus sp.,677,136,Animalia,Arthropoda,Hexapoda,Insecta,NA,NA,NA,Diptera,Nematocera,NA,NA,Chironomidae,Chironominae,Chironomini,NA,Cryptochironomus,NA,sp.,NA
Cryptotendipes sp.,229,50,Animalia,Arthropoda,Hexapoda,Insecta,NA,NA,NA,Diptera,Nematocera,NA,NA,Chironomidae,Chironominae,Chironomini,NA,Cryptotendipes,NA,sp.,NA
Culex sp.,8,5,Animalia,Arthropoda,Hexapoda,Insecta,NA,NA,NA,Diptera,Nematocera,NA,NA,Culicidae,NA,NA,NA,Culex,NA,sp.,NA
Culicidae,26,13,Animalia,Arthropoda,Hexapoda,Insecta,NA,NA,NA,Diptera,Nematocera,NA,NA,Culicidae,NA,NA,NA,NA,NA,NA,NA
Dasyhelea sp.,8,8,Animalia,Arthropoda,Hexapoda,Insecta,NA,NA,NA,Diptera,Nematocera,NA,NA,Ceratopogonidae,Dasyheleinae,NA,NA,Dasyhelea,NA,sp.,NA
Dero nivea,2,1,Animalia,Annelida,NA,Clitellata,Oligochaeta,NA,NA,Tubificida,NA,NA,NA,Naididae,NA,NA,NA,Dero,NA,Dero nivea,NA
Dicrotendipes fumidus,273,46,Animalia,Arthropoda,Hexapoda,Insecta,NA,NA,NA,Diptera,Nematocera,NA,NA,Chironomidae,Chironominae,Chironomini,NA,Dicrotendipes,NA,Dicrotendipes fumidus,NA
Dicrotendipes lobiger,4,1,Animalia,Arthropoda,Hexapoda,Insecta,NA,NA,NA,Diptera,Nematocera,NA,NA,Chironomidae,Chironominae,Chironomini,NA,Dicrotendipes,NA,Dicrotendipes lobiger,NA
Dicrotendipes lucifer,84,34,Animalia,Arthropoda,Hexapoda,Insecta,NA,NA,NA,Diptera,Nematocera,NA,NA,Chironomidae,Chironominae,Chironomini,NA,Dicrotendipes,NA,Dicrotendipes lucifer,NA
Dicrotendipes modestus,129,32,Animalia,Arthropoda,Hexapoda,Insecta,NA,NA,NA,Diptera,Nematocera,NA,NA,Chironomidae,Chironominae,Chironomini,NA,Dicrotendipes,NA,Dicrotendipes modestus,NA
Dicrotendipes neomodestus,1587,120,Animalia,Arthropoda,Hexapoda,Insecta,NA,NA,NA,Diptera,Nematocera,NA,NA,Chironomidae,Chironominae,Chironomini,NA,Dicrotendipes,NA,Dicrotendipes neomodestus,NA
Dicrotendipes simpsoni,172,25,Animalia,Arthropoda,Hexapoda,Insecta,NA,NA,NA,Diptera,Nematocera,NA,NA,Chironomidae,Chironominae,Chironomini,NA,Dicrotendipes,NA,Dicrotendipes simpsoni,NA
Dicrotendipes sp.,76,26,Animalia,Arthropoda,Hexapoda,Insecta,NA,NA,NA,Diptera,Nematocera,NA,NA,Chironomidae,Chironominae,Chironomini,NA,Dicrotendipes,NA,sp.,NA
Diplocladius sp.,27,15,Animalia,Arthropoda,Hexapoda,Insecta,NA,NA,NA,Diptera,Nematocera,NA,NA,Chironomidae,Orthocladiinae,NA,NA,Diplocladius,NA,sp.,NA
Diptera,12,12,Animalia,Arthropoda,Hexapoda,Insecta,NA,NA,NA,Diptera,NA,NA,NA,NA,NA,NA,NA,NA,NA,NA,NA
Dixa sp.,1,1,Animalia,Arthropoda,Hexapoda,Insecta,NA,NA,NA,Diptera,Nematocera,NA,NA,Dixidae,NA,NA,NA,Dixa,NA,sp.,NA
Dixella sp.,21,11,Animalia,Arthropoda,Hexapoda,Insecta,NA,NA,NA,Diptera,Nematocera,NA,NA,Dixidae,NA,NA,NA,Dixella,NA,sp.,NA
Dolichopodidae,9,7,Animalia,Arthropoda,Hexapoda,Insecta,NA,NA,NA,Diptera,Brachycera,NA,NA,Dolichopodidae,NA,NA,NA,NA,NA,NA,NA
Dubiraphia sp.,388,47,Animalia,Arthropoda,Hexapoda,Insecta,Pterygota,Neoptera,NA,Coleoptera,Polyphaga,NA,NA,Elmidae,NA,NA,NA,Dubiraphia,NA,sp.,NA
Empididae,3,3,Animalia,Arthropoda,Hexapoda,Insecta,NA,NA,NA,Diptera,Brachycera,NA,NA,Empididae,NA,NA,NA,NA,NA,NA,NA
Enallagma sp.,8,4,Animalia,Arthropoda,Hexapoda,Insecta,NA,NA,NA,Odonata,Zygoptera,NA,NA,Coenagrionidae,NA,NA,NA,Enallagma,NA,sp.,NA
Enchytraeidae,19,15,Animalia,Annelida,NA,Clitellata,Oligochaeta,NA,NA,Enchytraeida,NA,NA,NA,Enchytraeidae,NA,NA,NA,NA,NA,NA,NA
Endochironomus sp.,47,12,Animalia,Arthropoda,Hexapoda,Insecta,NA,NA,NA,Diptera,Nematocera,NA,NA,Chironomidae,Chironominae,Chironomini,NA,Endochironomus,NA,sp.,NA
Enochrus sp.,10,9,Animalia,Arthropoda,Hexapoda,Insecta,Pterygota,Neoptera,NA,Coleoptera,Polyphaga,NA,NA,Hydrophilidae,NA,NA,NA,Enochrus,NA,sp.,NA
Ephydridae,16,13,Animalia,Arthropoda,Hexapoda,Insecta,NA,NA,NA,Diptera,Brachycera,NA,NA,Ephydridae,NA,NA,NA,NA,NA,NA,NA
Epitheca sp.,1,1,Animalia,Arthropoda,Hexapoda,Insecta,NA,NA,NA,Odonata,Anisoptera,NA,NA,Corduliidae,NA,NA,NA,Epitheca,NA,sp.,NA
Erioptera sp.,2,2,Animalia,Arthropoda,Hexapoda,Insecta,NA,NA,NA,Diptera,NA,NA,NA,Tipulidae,Limoniinae,Eriopterini,NA,Erioptera,NA,sp.,NA
Erpobdella sp.,139,44,Animalia,Annelida,NA,Clitellata,Hirudinida,Euhirudinea,NA,Arhynchobdellida,Erpobdelliformes,NA,NA,Erpobdellidae,NA,NA,NA,Erpobdella,NA,sp.,NA
Erythemis simplicicollis,1,1,Animalia,Arthropoda,Hexapoda,Insecta,NA,NA,NA,Odonata,Anisoptera,NA,NA,Libellulidae,NA,NA,NA,Erythemis,NA,Erythemis simplicicollis,NA
Eukiefferiella claripennis gr.,2,1,Animalia,Arthropoda,Hexapoda,Insecta,NA,NA,NA,Diptera,Nematocera,NA,NA,Chironomidae,Orthocladiinae,NA,NA,Eukiefferiella,NA,Eukiefferiella claripennis gr.,NA
Ferrissia sp.,2,2,Animalia,Mollusca,NA,Gastropoda,Heterobranchia,NA,NA,Hygrophila,NA,NA,Planorboidea,Planorbidae,NA,NA,NA,Ferrissia,NA,sp.,NA
Forcipomyia sp.,1,1,Animalia,Arthropoda,Hexapoda,Insecta,NA,NA,NA,Diptera,Nematocera,NA,NA,Ceratopogonidae,Forcipomyiinae,NA,NA,Forcipomyia,NA,sp.,NA
Fossaria sp.,2,1,Animalia,Mollusca,NA,Gastropoda,NA,NA,NA,Basommatophora,NA,NA,NA,Lymnaeidae,NA,NA,NA,Fossaria,NA,sp.,NA
Galba sp.,7,5,Animalia,Mollusca,NA,Gastropoda,Heterobranchia,NA,NA,Hygrophila,NA,NA,Lymneoidea,Lymnaeidae,NA,NA,NA,Galba,NA,sp.,NA
Gammaridae,1,1,Animalia,Arthropoda,Crustacea,Malacostraca,Eumalacostraca,NA,Peracarida,Amphipoda,Gammaridea,NA,NA,Gammaridae,NA,NA,NA,NA,NA,NA,NA
Gammarus sp.,1296,48,Animalia,Arthropoda,Crustacea,Malacostraca,Eumalacostraca,NA,Peracarida,Amphipoda,Gammaridea,NA,NA,Gammaridae,NA,NA,NA,Gammarus,NA,sp.,NA
Glossiphoniidae,2,2,Animalia,Annelida,NA,Clitellata,Hirudinida,Euhirudinea,NA,Rhynchobdellida,NA,NA,NA,Glossiphoniidae,NA,NA,NA,NA,NA,NA,NA
Glyptotendipes sp.,323,64,Animalia,Arthropoda,Hexapoda,Insecta,NA,NA,NA,Diptera,Nematocera,NA,NA,Chironomidae,Chironominae,Chironomini,NA,Glyptotendipes,NA,sp.,NA
Goeldichironomus sp.,1,1,Animalia,Arthropoda,Hexapoda,Insecta,NA,NA,NA,Diptera,Nematocera,NA,NA,Chironomidae,Chironominae,Chironomini,NA,Goeldichironomus,NA,sp.,NA
Gomphidae,3,2,Animalia,Arthropoda,Hexapoda,Insecta,NA,NA,NA,Odonata,Anisoptera,NA,NA,Gomphidae,NA,NA,NA,NA,NA,NA,NA
Gomphus sp.,10,8,Animalia,Arthropoda,Hexapoda,Insecta,NA,NA,NA,Odonata,Anisoptera,NA,NA,Gomphidae,NA,NA,NA,Gomphus,NA,sp.,NA
Gonomyia sp.,16,9,Animalia,Arthropoda,Hexapoda,Insecta,NA,NA,NA,Diptera,NA,NA,NA,Tipulidae,Limoniinae,Eriopterini,NA,Gonomyia,NA,sp.,NA
Gyraulus sp.,1,1,Animalia,Mollusca,NA,Gastropoda,Heterobranchia,NA,NA,Hygrophila,NA,NA,Planorboidea,Planorbidae,NA,NA,NA,Gyraulus,NA,sp.,NA
Haemopis sp.,1,1,Animalia,Annelida,NA,Clitellata,Hirudinida,Euhirudinea,NA,Arhynchobdellida,Hirudiniformes,NA,NA,Haemopidae,NA,NA,NA,Haemopis,NA,sp.,NA
Haliplidae,1,1,Animalia,Arthropoda,Hexapoda,Insecta,Pterygota,Neoptera,NA,Coleoptera,Adephaga,NA,NA,Haliplidae,NA,NA,NA,NA,NA,NA,NA
Harnischia sp.,18,11,Animalia,Arthropoda,Hexapoda,Insecta,NA,NA,NA,Diptera,Nematocera,NA,NA,Chironomidae,Chironominae,Chironomini,NA,Harnischia,NA,sp.,NA
Hedriodiscus/Odontomyia sp.,1,1,Animalia,Arthropoda,Hexapoda,Insecta,NA,NA,NA,Diptera,Brachycera,NA,NA,Stratiomyidae,NA,NA,NA,Hedriodiscus/Odontomyia,NA,sp.,NA
Helichus basalis,9,6,Animalia,Arthropoda,Hexapoda,Insecta,Pterygota,Neoptera,NA,Coleoptera,Polyphaga,NA,NA,Dryopidae,NA,NA,NA,Helichus,NA,Helichus basalis,NA
Helichus lithophilus,14,5,Animalia,Arthropoda,Hexapoda,Insecta,Pterygota,Neoptera,NA,Coleoptera,Polyphaga,NA,NA,Dryopidae,NA,NA,NA,Helichus,NA,Helichus lithophilus,NA
Helichus sp.,6,5,Animalia,Arthropoda,Hexapoda,Insecta,Pterygota,Neoptera,NA,Coleoptera,Polyphaga,NA,NA,Dryopidae,NA,NA,NA,Helichus,NA,sp.,NA
Helichus striatus,1,1,Animalia,Arthropoda,Hexapoda,Insecta,Pterygota,Neoptera,NA,Coleoptera,Polyphaga,NA,NA,Dryopidae,NA,NA,NA,Helichus,NA,Helichus striatus,NA
Helicopsyche borealis,4,1,Animalia,Arthropoda,Hexapoda,Insecta,Pterygota,Neoptera,NA,Trichoptera,NA,NA,NA,Helicopsychidae,NA,NA,NA,Helicopsyche,NA,Helicopsyche borealis,NA
Helisoma anceps,1,1,Animalia,Mollusca,NA,Gastropoda,NA,NA,NA,Basommatophora,NA,NA,NA,Planorbidae,NA,NA,NA,Helisoma,NA,Helisoma anceps,NA
Helobdella papillata,1,1,Animalia,Annelida,NA,Clitellata,Hirudinida,Euhirudinea,NA,Rhynchobdellida,NA,NA,NA,Glossiphoniidae,NA,NA,NA,Helobdella,NA,Helobdella papillata,NA
Helobdella sp.,10,8,Animalia,Annelida,NA,Clitellata,Hirudinida,Euhirudinea,NA,Rhynchobdellida,NA,NA,NA,Glossiphoniidae,NA,NA,NA,Helobdella,NA,sp.,NA
Hemerodromia sp.,10,6,Animalia,Arthropoda,Hexapoda,Insecta,NA,NA,NA,Diptera,Brachycera,NA,NA,Empididae,NA,NA,NA,Hemerodromia,NA,sp.,NA
Heptagenia sp.,34,4,Animalia,Arthropoda,Hexapoda,Insecta,NA,NA,NA,Ephemeroptera,NA,NA,NA,Heptageniidae,NA,NA,NA,Heptagenia,NA,sp.,NA
Heptageniidae,7,6,Animalia,Arthropoda,Hexapoda,Insecta,NA,NA,NA,Ephemeroptera,NA,NA,NA,Heptageniidae,NA,NA,NA,NA,NA,NA,NA
Hetaerina americana,3,3,Animalia,Arthropoda,Hexapoda,Insecta,NA,NA,NA,Odonata,Zygoptera,NA,NA,Calopterygidae,NA,NA,NA,Hetaerina,NA,Hetaerina americana,NA
Hetaerina sp.,13,4,Animalia,Arthropoda,Hexapoda,Insecta,NA,NA,NA,Odonata,Zygoptera,NA,NA,Calopterygidae,NA,NA,NA,Hetaerina,NA,sp.,NA
Hexagenia bilineata,4,3,Animalia,Arthropoda,Hexapoda,Insecta,NA,NA,NA,Ephemeroptera,NA,NA,NA,Ephemeridae,NA,NA,NA,Hexagenia,NA,Hexagenia bilineata,NA
Hexagenia sp.,2,2,Animalia,Arthropoda,Hexapoda,Insecta,NA,NA,NA,Ephemeroptera,NA,NA,NA,Ephemeridae,NA,NA,NA,Hexagenia,NA,sp.,NA
Hirudinida,3,2,Animalia,Annelida,NA,Clitellata,Hirudinida,NA,NA,NA,NA,NA,NA,NA,NA,NA,NA,NA,NA,NA,NA
Hyalella sp.,1279,58,Animalia,Arthropoda,Crustacea,Malacostraca,Eumalacostraca,NA,Peracarida,Amphipoda,Gammaridea,NA,NA,Hyalellidae,NA,NA,NA,Hyalella,NA,sp.,NA
Hydrobaenus sp.,7,6,Animalia,Arthropoda,Hexapoda,Insecta,NA,NA,NA,Diptera,Nematocera,NA,NA,Chironomidae,Orthocladiinae,NA,NA,Hydrobaenus,NA,sp.,NA
Hydrobiidae,3,2,Animalia,Mollusca,NA,Gastropoda,NA,NA,NA,Neotaenioglossa,NA,NA,NA,Hydrobiidae,NA,NA,NA,NA,NA,NA,NA
Hydrophilidae,1,1,Animalia,Arthropoda,Hexapoda,Insecta,Pterygota,Neoptera,NA,Coleoptera,Polyphaga,NA,NA,Hydrophilidae,NA,NA,NA,NA,NA,NA,NA
Hydroporinae,1,1,Animalia,Arthropoda,Hexapoda,Insecta,Pterygota,Neoptera,NA,Coleoptera,Adephaga,NA,NA,Dytiscidae,Hydroporinae,NA,NA,NA,NA,NA,NA
Hydropsyche betteni,67,16,Animalia,Arthropoda,Hexapoda,Insecta,Pterygota,Neoptera,NA,Trichoptera,NA,NA,NA,Hydropsychidae,Hydropsychinae,NA,NA,Hydropsyche,NA,Hydropsyche betteni,NA
Hydropsyche bidens,1,1,Animalia,Arthropoda,Hexapoda,Insecta,Pterygota,Neoptera,NA,Trichoptera,NA,NA,NA,Hydropsychidae,Hydropsychinae,NA,NA,Hydropsyche,NA,Hydropsyche bidens,NA
Hydropsyche bronta,3,1,Animalia,Arthropoda,Hexapoda,Insecta,Pterygota,Neoptera,NA,Trichoptera,NA,NA,NA,Hydropsychidae,Hydropsychinae,NA,NA,Hydropsyche,NA,Hydropsyche bronta,NA
Hydropsyche dicantha,1,1,Animalia,Arthropoda,Hexapoda,Insecta,Pterygota,Neoptera,NA,Trichoptera,NA,NA,NA,Hydropsychidae,Hydropsychinae,NA,NA,Hydropsyche,NA,Hydropsyche dicantha,NA
Hydropsyche simulans,180,11,Animalia,Arthropoda,Hexapoda,Insecta,Pterygota,Neoptera,NA,Trichoptera,NA,NA,NA,Hydropsychidae,Hydropsychinae,NA,NA,Hydropsyche,NA,Hydropsyche simulans,NA
Hydropsyche sp.,289,22,Animalia,Arthropoda,Hexapoda,Insecta,Pterygota,Neoptera,NA,Trichoptera,NA,NA,NA,Hydropsychidae,Hydropsychinae,NA,NA,Hydropsyche,NA,sp.,NA
Hydroptila sp.,175,44,Animalia,Arthropoda,Hexapoda,Insecta,Pterygota,Neoptera,NA,Trichoptera,NA,NA,NA,Hydroptilidae,NA,NA,NA,Hydroptila,NA,sp.,NA
Hydroptilidae,4,3,Animalia,Arthropoda,Hexapoda,Insecta,Pterygota,Neoptera,NA,Trichoptera,NA,NA,NA,Hydroptilidae,NA,NA,NA,NA,NA,NA,NA
Hydrosmittia sp.,1,1,Animalia,Arthropoda,Hexapoda,Insecta,NA,NA,NA,Diptera,Nematocera,NA,NA,Chironomidae,Orthocladiinae,NA,NA,Hydrosmittia,NA,sp.,NA
Hydryphantidae,1,1,Animalia,Arthropoda,Chelicerata,Arachnida,Acari,NA,Acariformes,Trombidiformes,NA,NA,NA,Hydryphantidae,NA,NA,NA,NA,NA,NA,NA
Hygrobates sp.,7,5,Animalia,Arthropoda,Chelicerata,Arachnida,Acari,NA,Acariformes,Trombidiformes,NA,NA,NA,Hygrobatidae,NA,NA,NA,Hygrobates,NA,sp.,NA
Ilybius sp.,1,1,Animalia,Arthropoda,Hexapoda,Insecta,Pterygota,Neoptera,NA,Coleoptera,Adephaga,NA,NA,Dytiscidae,Colymbetinae,NA,NA,Ilybius,NA,sp.,NA
Ischnura sp.,247,37,Animalia,Arthropoda,Hexapoda,Insecta,NA,NA,NA,Odonata,Zygoptera,NA,NA,Coenagrionidae,NA,NA,NA,Ischnura,NA,sp.,NA
Isonychia sp.,4,2,Animalia,Arthropoda,Hexapoda,Insecta,NA,NA,NA,Ephemeroptera,NA,NA,NA,Isonychiidae,NA,NA,NA,Isonychia,NA,sp.,NA
Kiefferulus sp.,16,4,Animalia,Arthropoda,Hexapoda,Insecta,NA,NA,NA,Diptera,Nematocera,NA,NA,Chironomidae,Chironominae,Chironomini,NA,Kiefferulus,NA,sp.,NA
Kloosia sp.,7,5,Animalia,Arthropoda,Hexapoda,Insecta,NA,NA,NA,Diptera,Nematocera,NA,NA,Chironomidae,Chironominae,Chironomini,NA,Kloosia,NA,sp.,NA
Labiobaetis frondalis,34,4,Animalia,Arthropoda,Hexapoda,Insecta,NA,NA,NA,Ephemeroptera,NA,NA,NA,Baetidae,NA,NA,NA,Labiobaetis,NA,Labiobaetis frondalis,NA
Labrundinia sp.,403,91,Animalia,Arthropoda,Hexapoda,Insecta,NA,NA,NA,Diptera,Nematocera,NA,NA,Chironomidae,Tanypodinae,Pentaneurini,NA,Labrundinia,NA,sp.,NA
Laccophilus fasciatus,1,1,Animalia,Arthropoda,Hexapoda,Insecta,Pterygota,Neoptera,NA,Coleoptera,Adephaga,NA,NA,Dytiscidae,Laccophilinae,Laccophilini,NA,Laccophilus,NA,Laccophilus fasciatus,NA
Larsia sp.,40,16,Animalia,Arthropoda,Hexapoda,Insecta,NA,NA,NA,Diptera,Nematocera,NA,NA,Chironomidae,Tanypodinae,Pentaneurini,NA,Larsia,NA,sp.,NA
Lebertia sp.,3,2,Animalia,Arthropoda,Chelicerata,Arachnida,Acari,NA,Acariformes,Trombidiformes,NA,NA,NA,Lebertiidae,NA,NA,NA,Lebertia,NA,sp.,NA
Lepidoptera,2,2,Animalia,Arthropoda,Hexapoda,Insecta,Pterygota,Neoptera,NA,Lepidoptera,NA,NA,NA,NA,NA,NA,NA,NA,NA,NA,NA
Lestes sp.,1,1,Animalia,Arthropoda,Hexapoda,Insecta,NA,NA,NA,Odonata,Zygoptera,NA,NA,Lestidae,NA,NA,NA,Lestes,NA,sp.,NA
Leucrocuta sp.,36,8,Animalia,Arthropoda,Hexapoda,Insecta,NA,NA,NA,Ephemeroptera,NA,NA,NA,Heptageniidae,NA,NA,NA,Leucrocuta,NA,sp.,NA
Libellula semifasciata,5,4,Animalia,Arthropoda,Hexapoda,Insecta,NA,NA,NA,Odonata,Anisoptera,NA,NA,Libellulidae,NA,NA,NA,Libellula,NA,Libellula semifasciata,NA
Libellula sp.,9,5,Animalia,Arthropoda,Hexapoda,Insecta,NA,NA,NA,Odonata,Anisoptera,NA,NA,Libellulidae,NA,NA,NA,Libellula,NA,sp.,NA
Libellulidae,4,2,Animalia,Arthropoda,Hexapoda,Insecta,NA,NA,NA,Odonata,Anisoptera,NA,NA,Libellulidae,NA,NA,NA,NA,NA,NA,NA
Libellulidae/Corduliidae,3,2,Animalia,Arthropoda,Hexapoda,Insecta,NA,NA,NA,Odonata,Anisoptera,NA,NA,Libellulidae/Corduliidae,NA,NA,NA,NA,NA,NA,NA
Limnesia sp.,1,1,Animalia,Arthropoda,Chelicerata,Arachnida,Acari,NA,Acariformes,Trombidiformes,NA,NA,NA,Limnesiidae,NA,NA,NA,Limnesia,NA,sp.,NA
Limnophyes sp.,5,4,Animalia,Arthropoda,Hexapoda,Insecta,NA,NA,NA,Diptera,Nematocera,NA,NA,Chironomidae,Orthocladiinae,NA,NA,Limnophyes,NA,sp.,NA
Limonia sp.,1,1,Animalia,Arthropoda,Hexapoda,Insecta,NA,NA,NA,Diptera,NA,NA,NA,Tipulidae,Limoniinae,Limoniini,NA,Limonia,NA,sp.,NA
Lipiniella sp.,3,2,Animalia,Arthropoda,Hexapoda,Insecta,NA,NA,NA,Diptera,Nematocera,NA,NA,Chironomidae,Chironominae,Chironomini,NA,Lipiniella,NA,sp.,NA
Lirceus sp.,38,1,Animalia,Arthropoda,Crustacea,Malacostraca,Eumalacostraca,NA,Peracarida,Isopoda,Asellota,NA,Aselloidea,Asellidae,NA,NA,NA,Lirceus,NA,sp.,NA
Lopescladius sp.,13,5,Animalia,Arthropoda,Hexapoda,Insecta,NA,NA,NA,Diptera,Nematocera,NA,NA,Chironomidae,Orthocladiinae,NA,NA,Lopescladius,NA,sp.,NA
Lumbricina,24,19,Animalia,Annelida,NA,Clitellata,Oligochaeta,NA,NA,Opisthopora,Lumbricina,NA,NA,NA,NA,NA,NA,NA,NA,NA,NA
Lymnaeidae,9,6,Animalia,Mollusca,NA,Gastropoda,Heterobranchia,NA,NA,Hygrophila,NA,NA,Lymneoidea,Lymnaeidae,NA,NA,NA,NA,NA,NA,NA
Lype diversa,6,1,Animalia,Arthropoda,Hexapoda,Insecta,Pterygota,Neoptera,NA,Trichoptera,NA,NA,NA,Psychomyiidae,NA,NA,NA,Lype,NA,Lype diversa,NA
Maccaffertium exiguum,21,3,Animalia,Arthropoda,Hexapoda,Insecta,NA,NA,NA,Ephemeroptera,NA,NA,NA,Heptageniidae,NA,NA,NA,Maccaffertium,NA,Maccaffertium exiguum,NA
Maccaffertium sp.,33,10,Animalia,Arthropoda,Hexapoda,Insecta,NA,NA,NA,Ephemeroptera,NA,NA,NA,Heptageniidae,NA,NA,NA,Maccaffertium,NA,sp.,NA
Maccaffertium terminatum,29,5,Animalia,Arthropoda,Hexapoda,Insecta,NA,NA,NA,Ephemeroptera,NA,NA,NA,Heptageniidae,NA,NA,NA,Maccaffertium,NA,Maccaffertium terminatum,NA
Macromia illinoiensis,17,11,Animalia,Arthropoda,Hexapoda,Insecta,NA,NA,NA,Odonata,Anisoptera,NA,NA,Macromiidae,NA,NA,NA,Macromia,NA,Macromia illinoiensis,NA
Macromia sp.,26,16,Animalia,Arthropoda,Hexapoda,Insecta,NA,NA,NA,Odonata,Anisoptera,NA,NA,Macromiidae,NA,NA,NA,Macromia,NA,sp.,NA
Macromia taeniolata,1,1,Animalia,Arthropoda,Hexapoda,Insecta,NA,NA,NA,Odonata,Anisoptera,NA,NA,Macromiidae,NA,NA,NA,Macromia,NA,Macromia taeniolata,NA
Macromiidae,3,3,Animalia,Arthropoda,Hexapoda,Insecta,NA,NA,NA,Odonata,Anisoptera,NA,NA,Macromiidae,NA,NA,NA,NA,NA,NA,NA
Macronychus glabratus,74,22,Animalia,Arthropoda,Hexapoda,Insecta,Pterygota,Neoptera,NA,Coleoptera,Polyphaga,NA,NA,Elmidae,NA,NA,NA,Macronychus,NA,Macronychus glabratus,NA
Microchironomus sp.,4,3,Animalia,Arthropoda,Hexapoda,Insecta,NA,NA,NA,Diptera,Nematocera,NA,NA,Chironomidae,Chironominae,Chironomini,NA,Microchironomus,NA,sp.,NA
Micromenetus sp.,17,8,Animalia,Mollusca,NA,Gastropoda,Heterobranchia,NA,NA,Hygrophila,NA,NA,Planorboidea,Planorbidae,NA,NA,NA,Micromenetus,NA,sp.,NA
Micropsectra sp.,49,17,Animalia,Arthropoda,Hexapoda,Insecta,NA,NA,NA,Diptera,Nematocera,NA,NA,Chironomidae,Chironominae,Tanytarsini,NA,Micropsectra,NA,sp.,NA
Microtendipes pedellus gr.,187,34,Animalia,Arthropoda,Hexapoda,Insecta,NA,NA,NA,Diptera,Nematocera,NA,NA,Chironomidae,Chironominae,Chironomini,NA,Microtendipes,NA,Microtendipes pedellus gr.,NA
Mideopsis sp.,3,3,Animalia,Arthropoda,Chelicerata,Arachnida,Acari,NA,Acariformes,Trombidiformes,NA,NA,NA,Mideopsidae,NA,NA,NA,Mideopsis,NA,sp.,NA
Muscidae,6,4,Animalia,Arthropoda,Hexapoda,Insecta,NA,NA,NA,Diptera,Brachycera,NA,NA,Muscidae,NA,NA,NA,NA,NA,NA,NA
Musculium sp.,237,40,Animalia,Mollusca,NA,Bivalvia,Heterodonta,NA,NA,Veneroida,NA,NA,Corbiculoidea,Sphaeriidae,NA,NA,NA,Musculium,NA,sp.,NA
Musculium transversum,119,12,Animalia,Mollusca,NA,Bivalvia,Heterodonta,NA,NA,Veneroida,NA,NA,Corbiculoidea,Sphaeriidae,NA,NA,NA,Musculium,NA,Musculium transversum,NA
Naididae,254,70,Animalia,Annelida,NA,Clitellata,Oligochaeta,NA,NA,Tubificida,NA,NA,NA,Naididae,NA,NA,NA,NA,NA,NA,NA
Nanocladius sp.,98,42,Animalia,Arthropoda,Hexapoda,Insecta,NA,NA,NA,Diptera,Nematocera,NA,NA,Chironomidae,Orthocladiinae,NA,NA,Nanocladius,NA,sp.,NA
Nasiaeschna pentacantha,1,1,Animalia,Arthropoda,Hexapoda,Insecta,NA,NA,NA,Odonata,Anisoptera,NA,NA,Aeshnidae,NA,NA,NA,Nasiaeschna,NA,Nasiaeschna pentacantha,NA
Natarsia sp.,8,7,Animalia,Arthropoda,Hexapoda,Insecta,NA,NA,NA,Diptera,Nematocera,NA,NA,Chironomidae,Tanypodinae,Natarsiini,NA,Natarsia,NA,sp.,NA
Nectopsyche candida,14,3,Animalia,Arthropoda,Hexapoda,Insecta,Pterygota,Neoptera,NA,Trichoptera,NA,NA,NA,Leptoceridae,NA,NA,NA,Nectopsyche,NA,Nectopsyche candida,NA
Nectopsyche diarina,18,5,Animalia,Arthropoda,Hexapoda,Insecta,Pterygota,Neoptera,NA,Trichoptera,NA,NA,NA,Leptoceridae,NA,NA,NA,Nectopsyche,NA,Nectopsyche diarina,NA
Nectopsyche sp.,63,11,Animalia,Arthropoda,Hexapoda,Insecta,Pterygota,Neoptera,NA,Trichoptera,NA,NA,NA,Leptoceridae,NA,NA,NA,Nectopsyche,NA,sp.,NA
Nematoda,5,4,Animalia,Nematoda,NA,NA,NA,NA,NA,NA,NA,NA,NA,NA,NA,NA,NA,NA,NA,NA,NA
Nematomorpha,8,8,Animalia,Nematomorpha,NA,NA,NA,NA,NA,NA,NA,NA,NA,NA,NA,NA,NA,NA,NA,NA,NA
Nemotelus sp.,1,1,Animalia,Arthropoda,Hexapoda,Insecta,NA,NA,NA,Diptera,Brachycera,NA,NA,Stratiomyidae,NA,NA,NA,Nemotelus,NA,sp.,NA
Neoplea sp.,3,3,Animalia,Arthropoda,Hexapoda,Insecta,Pterygota,Neoptera,NA,Hemiptera,Heteroptera,NA,NA,Pleidae,NA,NA,NA,Neoplea,NA,sp.,NA
Neoporus sp.,1,1,Animalia,Arthropoda,Hexapoda,Insecta,Pterygota,Neoptera,NA,Coleoptera,Adephaga,NA,NA,Dytiscidae,Hydroporinae,Hydroporini,NA,Neoporus,NA,sp.,NA
Neotrichia sp.,1,1,Animalia,Arthropoda,Hexapoda,Insecta,Pterygota,Neoptera,NA,Trichoptera,NA,NA,NA,Hydroptilidae,NA,NA,NA,Neotrichia,NA,sp.,NA
Neumania sp.,8,8,Animalia,Arthropoda,Chelicerata,Arachnida,Acari,NA,Acariformes,Trombidiformes,NA,NA,NA,Unionicolidae,NA,NA,NA,Neumania,NA,sp.,NA
Neureclipsis sp.,3,2,Animalia,Arthropoda,Hexapoda,Insecta,Pterygota,Neoptera,NA,Trichoptera,NA,NA,NA,Polycentropodidae,NA,NA,NA,Neureclipsis,NA,sp.,NA
Neurocordulia sp.,4,4,Animalia,Arthropoda,Hexapoda,Insecta,NA,NA,NA,Odonata,Anisoptera,NA,NA,Corduliidae,NA,NA,NA,Neurocordulia,NA,sp.,NA
Nilotanypus fimbriatus,9,5,Animalia,Arthropoda,Hexapoda,Insecta,NA,NA,NA,Diptera,Nematocera,NA,NA,Chironomidae,Tanypodinae,Pentaneurini,NA,Nilotanypus,NA,Nilotanypus fimbriatus,NA
Nilotanypus sp.,1,1,Animalia,Arthropoda,Hexapoda,Insecta,NA,NA,NA,Diptera,Nematocera,NA,NA,Chironomidae,Tanypodinae,Pentaneurini,NA,Nilotanypus,NA,sp.,NA
Nilothauma sp.,8,5,Animalia,Arthropoda,Hexapoda,Insecta,NA,NA,NA,Diptera,Nematocera,NA,NA,Chironomidae,Chironominae,Chironomini,NA,Nilothauma,NA,sp.,NA
Nixe sp.,3,2,Animalia,Arthropoda,Hexapoda,Insecta,NA,NA,NA,Ephemeroptera,NA,NA,NA,Heptageniidae,NA,NA,NA,Nixe,NA,sp.,NA
Notonecta sp.,1,1,Animalia,Arthropoda,Hexapoda,Insecta,Pterygota,Neoptera,NA,Hemiptera,Heteroptera,NA,NA,Notonectidae,NA,NA,NA,Notonecta,NA,sp.,NA
Odontomyia sp.,1,1,Animalia,Arthropoda,Hexapoda,Insecta,NA,NA,NA,Diptera,Brachycera,NA,NA,Stratiomyidae,NA,NA,NA,Odontomyia,NA,sp.,NA
Oecetis cinerascens,4,1,Animalia,Arthropoda,Hexapoda,Insecta,Pterygota,Neoptera,NA,Trichoptera,NA,NA,NA,Leptoceridae,NA,NA,NA,Oecetis,NA,Oecetis cinerascens,NA
Oecetis sp.,15,10,Animalia,Arthropoda,Hexapoda,Insecta,Pterygota,Neoptera,NA,Trichoptera,NA,NA,NA,Leptoceridae,NA,NA,NA,Oecetis,NA,sp.,NA
Optioservus sp.,1,1,Animalia,Arthropoda,Hexapoda,Insecta,Pterygota,Neoptera,NA,Coleoptera,Polyphaga,NA,NA,Elmidae,NA,NA,NA,Optioservus,NA,sp.,NA
Orconectes sp.,54,14,Animalia,Arthropoda,Crustacea,Malacostraca,Eumalacostraca,NA,Eucarida,Decapoda,Pleocyemata,Astacidea,Astacoidea,Cambaridae,NA,NA,NA,Orconectes,NA,sp.,NA
Orthocladiinae,1,1,Animalia,Arthropoda,Hexapoda,Insecta,NA,NA,NA,Diptera,Nematocera,NA,NA,Chironomidae,Orthocladiinae,NA,NA,NA,NA,NA,NA
Orthocladius Complex,81,25,Animalia,Arthropoda,Hexapoda,Insecta,NA,NA,NA,Diptera,Nematocera,NA,NA,Chironomidae,Orthocladiinae,NA,NA,Orthocladius,NA,Orthocladius Complex,NA
Ostracoda,14,7,Animalia,Arthropoda,Crustacea,Ostracoda,NA,NA,NA,NA,NA,NA,NA,NA,NA,NA,NA,NA,NA,NA,NA
Oxus sp.,1,1,Animalia,Arthropoda,Chelicerata,Arachnida,Acari,NA,Acariformes,Trombidiformes,NA,NA,NA,Oxidae,NA,NA,NA,Oxus,NA,sp.,NA
Oxyethira sp.,4,3,Animalia,Arthropoda,Hexapoda,Insecta,Pterygota,Neoptera,NA,Trichoptera,NA,NA,NA,Hydroptilidae,NA,NA,NA,Oxyethira,NA,sp.,NA
Palmacorixa sp.,2,1,Animalia,Arthropoda,Hexapoda,Insecta,Pterygota,Neoptera,NA,Hemiptera,Heteroptera,NA,NA,Corixidae,NA,NA,NA,Palmacorixa,NA,sp.,NA
Parachironomus sp.,103,39,Animalia,Arthropoda,Hexapoda,Insecta,NA,NA,NA,Diptera,Nematocera,NA,NA,Chironomidae,Chironominae,Chironomini,NA,Parachironomus,NA,sp.,NA
Paracladopelma sp.,114,54,Animalia,Arthropoda,Hexapoda,Insecta,NA,NA,NA,Diptera,Nematocera,NA,NA,Chironomidae,Chironominae,Chironomini,NA,Paracladopelma,NA,sp.,NA
Paracloeodes minutus,27,8,Animalia,Arthropoda,Hexapoda,Insecta,NA,NA,NA,Ephemeroptera,NA,NA,NA,Baetidae,NA,NA,NA,Paracloeodes,NA,Paracloeodes minutus,NA
Paracloeodes sp.,10,3,Animalia,Arthropoda,Hexapoda,Insecta,NA,NA,NA,Ephemeroptera,NA,NA,NA,Baetidae,NA,NA,NA,Paracloeodes,NA,sp.,NA
Paracymus sp.,1,1,Animalia,Arthropoda,Hexapoda,Insecta,Pterygota,Neoptera,NA,Coleoptera,Polyphaga,NA,NA,Hydrophilidae,NA,NA,NA,Paracymus,NA,sp.,NA
Parakiefferiella sp.,10,7,Animalia,Arthropoda,Hexapoda,Insecta,NA,NA,NA,Diptera,Nematocera,NA,NA,Chironomidae,Orthocladiinae,NA,NA,Parakiefferiella,NA,sp.,NA
Paralauterborniella nigrohalteralis,35,16,Animalia,Arthropoda,Hexapoda,Insecta,NA,NA,NA,Diptera,Nematocera,NA,NA,Chironomidae,Chironominae,Chironomini,NA,Paralauterborniella,NA,Paralauterborniella nigrohalteralis,NA
Paramerina sp.,7,4,Animalia,Arthropoda,Hexapoda,Insecta,NA,NA,NA,Diptera,Nematocera,NA,NA,Chironomidae,Tanypodinae,Pentaneurini,NA,Paramerina,NA,sp.,NA
Parametriocnemus sp.,51,28,Animalia,Arthropoda,Hexapoda,Insecta,NA,NA,NA,Diptera,Nematocera,NA,NA,Chironomidae,Orthocladiinae,NA,NA,Parametriocnemus,NA,sp.,NA
Paraphaenocladius sp.,14,10,Animalia,Arthropoda,Hexapoda,Insecta,NA,NA,NA,Diptera,Nematocera,NA,NA,Chironomidae,Orthocladiinae,NA,NA,Paraphaenocladius,NA,sp.,NA
Paratanytarsus sp.,2192,143,Animalia,Arthropoda,Hexapoda,Insecta,NA,NA,NA,Diptera,Nematocera,NA,NA,Chironomidae,Chironominae,Tanytarsini,NA,Paratanytarsus,NA,sp.,NA
Paratendipes sp.,935,105,Animalia,Arthropoda,Hexapoda,Insecta,NA,NA,NA,Diptera,Nematocera,NA,NA,Chironomidae,Chironominae,Chironomini,NA,Paratendipes,NA,sp.,NA
Pelocoris sp.,2,1,Animalia,Arthropoda,Hexapoda,Insecta,Pterygota,Neoptera,NA,Hemiptera,Heteroptera,NA,NA,Naucoridae,NA,NA,NA,Pelocoris,NA,sp.,NA
Peltodytes sp.,37,19,Animalia,Arthropoda,Hexapoda,Insecta,Pterygota,Neoptera,NA,Coleoptera,Adephaga,NA,NA,Haliplidae,NA,NA,NA,Peltodytes,NA,sp.,NA
Pentaneura sp.,26,8,Animalia,Arthropoda,Hexapoda,Insecta,NA,NA,NA,Diptera,Nematocera,NA,NA,Chironomidae,Tanypodinae,Pentaneurini,NA,Pentaneura,NA,sp.,NA
Perlesta sp.,16,3,Animalia,Arthropoda,Hexapoda,Insecta,Pterygota,Neoptera,NA,Plecoptera,NA,NA,NA,Perlidae,NA,NA,NA,Perlesta,NA,sp.,NA
Phaenopsectra sp.,852,123,Animalia,Arthropoda,Hexapoda,Insecta,NA,NA,NA,Diptera,Nematocera,NA,NA,Chironomidae,Chironominae,Chironomini,NA,Phaenopsectra,NA,sp.,NA
Phryganeidae,2,2,Animalia,Arthropoda,Hexapoda,Insecta,Pterygota,Neoptera,NA,Trichoptera,NA,NA,NA,Phryganeidae,NA,NA,NA,NA,NA,NA,NA
Physa sp.,1354,108,Animalia,Mollusca,NA,Gastropoda,Heterobranchia,NA,NA,Hygrophila,NA,NA,Lymneoidea,Physidae,NA,NA,NA,Physa,NA,sp.,NA
Pilaria sp.,1,1,Animalia,Arthropoda,Hexapoda,Insecta,NA,NA,NA,Diptera,NA,NA,NA,Tipulidae,Limoniinae,Hexatomini,NA,Pilaria,NA,sp.,NA
Pisidium sp.,116,30,Animalia,Mollusca,NA,Bivalvia,Heterodonta,NA,NA,Veneroida,NA,NA,Corbiculoidea,Sphaeriidae,NA,NA,NA,Pisidium,NA,sp.,NA
Placobdella ornata,12,11,Animalia,Annelida,NA,Clitellata,Hirudinida,Euhirudinea,NA,Rhynchobdellida,NA,NA,NA,Glossiphoniidae,NA,NA,NA,Placobdella,NA,Placobdella ornata,NA
Placobdella sp.,2,2,Animalia,Annelida,NA,Clitellata,Hirudinida,Euhirudinea,NA,Rhynchobdellida,NA,NA,NA,Glossiphoniidae,NA,NA,NA,Placobdella,NA,sp.,NA
Planorbella sp.,19,15,Animalia,Mollusca,NA,Gastropoda,Heterobranchia,NA,NA,Hygrophila,NA,NA,Planorboidea,Planorbidae,NA,NA,NA,Planorbella,NA,sp.,NA
Planorbidae,1,1,Animalia,Mollusca,NA,Gastropoda,Heterobranchia,NA,NA,Hygrophila,NA,NA,Planorboidea,Planorbidae,NA,NA,NA,NA,NA,NA,NA
Plathemis lydia,2,2,Animalia,Arthropoda,Hexapoda,Insecta,NA,NA,NA,Odonata,Anisoptera,NA,NA,Libellulidae,NA,NA,NA,Plathemis,NA,Plathemis lydia,NA
Plauditus sp.,25,6,Animalia,Arthropoda,Hexapoda,Insecta,NA,NA,NA,Ephemeroptera,NA,NA,NA,Baetidae,NA,NA,NA,Plauditus,NA,sp.,NA
Polycentropodidae,3,2,Animalia,Arthropoda,Hexapoda,Insecta,Pterygota,Neoptera,NA,Trichoptera,NA,NA,NA,Polycentropodidae,NA,NA,NA,NA,NA,NA,NA
Polypedilum aviceps,64,19,Animalia,Arthropoda,Hexapoda,Insecta,NA,NA,NA,Diptera,Nematocera,NA,NA,Chironomidae,Chironominae,Chironomini,NA,Polypedilum,NA,Polypedilum aviceps,NA
Polypedilum epleri,1,1,Animalia,Arthropoda,Hexapoda,Insecta,NA,NA,NA,Diptera,Nematocera,NA,NA,Chironomidae,Chironominae,Chironomini,NA,Polypedilum,NA,Polypedilum epleri,NA
Polypedilum fallax gr.,120,55,Animalia,Arthropoda,Hexapoda,Insecta,NA,NA,NA,Diptera,Nematocera,NA,NA,Chironomidae,Chironominae,Chironomini,NA,Polypedilum,NA,Polypedilum fallax gr.,NA
Polypedilum flavum,3711,132,Animalia,Arthropoda,Hexapoda,Insecta,NA,NA,NA,Diptera,Nematocera,NA,NA,Chironomidae,Chironominae,Chironomini,NA,Polypedilum,NA,Polypedilum flavum,NA
Polypedilum halterale gr.,354,83,Animalia,Arthropoda,Hexapoda,Insecta,NA,NA,NA,Diptera,Nematocera,NA,NA,Chironomidae,Chironominae,Chironomini,NA,Polypedilum,NA,Polypedilum halterale gr.,NA
Polypedilum illinoense gr.,4786,149,Animalia,Arthropoda,Hexapoda,Insecta,NA,NA,NA,Diptera,Nematocera,NA,NA,Chironomidae,Chironominae,Chironomini,NA,Polypedilum,NA,Polypedilum illinoense gr.,NA
Polypedilum scalaenum gr.,1450,119,Animalia,Arthropoda,Hexapoda,Insecta,NA,NA,NA,Diptera,Nematocera,NA,NA,Chironomidae,Chironominae,Chironomini,NA,Polypedilum,NA,Polypedilum scalaenum gr.,NA
Polypedilum sp.,1,1,Animalia,Arthropoda,Hexapoda,Insecta,NA,NA,NA,Diptera,Nematocera,NA,NA,Chironomidae,Chironominae,Chironomini,NA,Polypedilum,NA,sp.,NA
Polypedilum tritum,1,1,Animalia,Arthropoda,Hexapoda,Insecta,NA,NA,NA,Diptera,Nematocera,NA,NA,Chironomidae,Chironominae,Chironomini,NA,Polypedilum,NA,Polypedilum tritum,NA
Procambarus sp.,3,1,Animalia,Arthropoda,Crustacea,Malacostraca,Eumalacostraca,NA,Eucarida,Decapoda,Pleocyemata,Astacidea,Astacoidea,Cambaridae,NA,NA,NA,Procambarus,NA,sp.,NA
Procladius sp.,2079,118,Animalia,Arthropoda,Hexapoda,Insecta,NA,NA,NA,Diptera,Nematocera,NA,NA,Chironomidae,Tanypodinae,Procladiini,NA,Procladius,NA,sp.,NA
Procloeon sp.,1,1,Animalia,Arthropoda,Hexapoda,Insecta,NA,NA,NA,Ephemeroptera,NA,NA,NA,Baetidae,NA,NA,NA,Procloeon,NA,sp.,NA
Progomphus obscurus,4,4,Animalia,Arthropoda,Hexapoda,Insecta,NA,NA,NA,Odonata,Anisoptera,NA,NA,Gomphidae,NA,NA,NA,Progomphus,NA,Progomphus obscurus,NA
Progomphus sp.,19,15,Animalia,Arthropoda,Hexapoda,Insecta,NA,NA,NA,Odonata,Anisoptera,NA,NA,Gomphidae,NA,NA,NA,Progomphus,NA,sp.,NA
Prostoma sp.,6,3,Animalia,Nemertea,NA,Enopla,NA,NA,NA,Hoplonemertea,Monostilifera,NA,NA,Tetrastemmatidae,NA,NA,NA,Prostoma,NA,sp.,NA
Psectrotanypus sp.,34,11,Animalia,Arthropoda,Hexapoda,Insecta,NA,NA,NA,Diptera,Nematocera,NA,NA,Chironomidae,Tanypodinae,Macropelopiini,NA,Psectrotanypus,NA,sp.,NA
Pseudochironomus sp.,21,8,Animalia,Arthropoda,Hexapoda,Insecta,NA,NA,NA,Diptera,Nematocera,NA,NA,Chironomidae,Chironominae,Pseudochironomini,NA,Pseudochironomus,NA,sp.,NA
Pseudocloeon frondale,49,3,Animalia,Arthropoda,Hexapoda,Insecta,NA,NA,NA,Ephemeroptera,NA,NA,NA,Baetidae,NA,NA,NA,Pseudocloeon,NA,Pseudocloeon frondale,NA
Pseudocloeon sp.,281,10,Animalia,Arthropoda,Hexapoda,Insecta,NA,NA,NA,Ephemeroptera,NA,NA,NA,Baetidae,NA,NA,NA,Pseudocloeon,NA,sp.,NA
Pseudolimnophila sp.,1,1,Animalia,Arthropoda,Hexapoda,Insecta,NA,NA,NA,Diptera,NA,NA,NA,Tipulidae,Limoniinae,Hexatomini,NA,Pseudolimnophila,NA,sp.,NA
Pseudosuccinea columella,2,2,Animalia,Mollusca,NA,Gastropoda,Heterobranchia,NA,NA,Hygrophila,NA,NA,Lymneoidea,Lymnaeidae,NA,NA,NA,Pseudosuccinea,NA,Pseudosuccinea columella,NA
Psychodidae,10,4,Animalia,Arthropoda,Hexapoda,Insecta,NA,NA,NA,Diptera,Nematocera,NA,NA,Psychodidae,NA,NA,NA,NA,NA,NA,NA
Pycnopsyche sp.,1,1,Animalia,Arthropoda,Hexapoda,Insecta,Pterygota,Neoptera,NA,Trichoptera,NA,NA,NA,Limnephilidae,NA,NA,NA,Pycnopsyche,NA,sp.,NA
Ranatra sp.,4,4,Animalia,Arthropoda,Hexapoda,Insecta,Pterygota,Neoptera,NA,Hemiptera,Heteroptera,NA,NA,Nepidae,NA,NA,NA,Ranatra,NA,sp.,NA
Rheocricotopus sp.,76,33,Animalia,Arthropoda,Hexapoda,Insecta,NA,NA,NA,Diptera,Nematocera,NA,NA,Chironomidae,Orthocladiinae,NA,NA,Rheocricotopus,NA,sp.,NA
Rheosmittia sp.,263,18,Animalia,Arthropoda,Hexapoda,Insecta,NA,NA,NA,Diptera,Nematocera,NA,NA,Chironomidae,Orthocladiinae,NA,NA,Rheosmittia,NA,sp.,NA
Rheotanytarsus exiguus gr.,519,80,Animalia,Arthropoda,Hexapoda,Insecta,NA,NA,NA,Diptera,Nematocera,NA,NA,Chironomidae,Chironominae,Tanytarsini,NA,Rheotanytarsus,NA,Rheotanytarsus exiguus gr.,NA
Rheotanytarsus pellucidus gr.,10,8,Animalia,Arthropoda,Hexapoda,Insecta,NA,NA,NA,Diptera,Nematocera,NA,NA,Chironomidae,Chironominae,Tanytarsini,NA,Rheotanytarsus,NA,Rheotanytarsus pellucidus gr.,NA
Robackia demeijerei,3,3,Animalia,Arthropoda,Hexapoda,Insecta,NA,NA,NA,Diptera,Nematocera,NA,NA,Chironomidae,Chironominae,Chironomini,NA,Robackia,NA,Robackia demeijerei,NA
Robackia sp.,2,1,Animalia,Arthropoda,Hexapoda,Insecta,NA,NA,NA,Diptera,Nematocera,NA,NA,Chironomidae,Chironominae,Chironomini,NA,Robackia,NA,sp.,NA
Saetheria sp.,33,23,Animalia,Arthropoda,Hexapoda,Insecta,NA,NA,NA,Diptera,Nematocera,NA,NA,Chironomidae,Chironominae,Chironomini,NA,Saetheria,NA,sp.,NA
Saetheria tylus,903,84,Animalia,Arthropoda,Hexapoda,Insecta,NA,NA,NA,Diptera,Nematocera,NA,NA,Chironomidae,Chironominae,Chironomini,NA,Saetheria,NA,Saetheria tylus,NA
Sciomyzidae,2,2,Animalia,Arthropoda,Hexapoda,Insecta,NA,NA,NA,Diptera,Nematocera,NA,NA,Sciomyzidae,NA,NA,NA,NA,NA,NA,NA
Scirtidae,96,41,Animalia,Arthropoda,Hexapoda,Insecta,Pterygota,Neoptera,NA,Coleoptera,Polyphaga,NA,NA,Scirtidae,NA,NA,NA,NA,NA,NA,NA
Sialis sp.,21,7,Animalia,Arthropoda,Hexapoda,Insecta,Pterygota,Neoptera,Neuropterida,Megaloptera,NA,NA,NA,Sialidae,NA,NA,NA,Sialis,NA,sp.,NA
Sigara alternata,29,1,Animalia,Arthropoda,Hexapoda,Insecta,Pterygota,Neoptera,NA,Hemiptera,Heteroptera,NA,NA,Corixidae,NA,NA,NA,Sigara,NA,Sigara alternata,NA
Sigara sp.,1,1,Animalia,Arthropoda,Hexapoda,Insecta,Pterygota,Neoptera,NA,Hemiptera,Heteroptera,NA,NA,Corixidae,NA,NA,NA,Sigara,NA,sp.,NA
Simulium sp.,1868,84,Animalia,Arthropoda,Hexapoda,Insecta,NA,NA,NA,Diptera,Nematocera,NA,NA,Simuliidae,NA,NA,NA,Simulium,NA,sp.,NA
Sisyra sp.,4,3,Animalia,Arthropoda,Hexapoda,Insecta,Pterygota,Neoptera,Neuropterida,Neuroptera,NA,NA,NA,Sisyridae,NA,NA,NA,Sisyra,NA,sp.,NA
Smittia sp.,2,1,Animalia,Arthropoda,Hexapoda,Insecta,NA,NA,NA,Diptera,Nematocera,NA,NA,Chironomidae,Orthocladiinae,NA,NA,Smittia,NA,sp.,NA
Somatochlora sp.,56,16,Animalia,Arthropoda,Hexapoda,Insecta,NA,NA,NA,Odonata,Anisoptera,NA,NA,Corduliidae,NA,NA,NA,Somatochlora,NA,sp.,NA
Sperchopsis tessellata,1,1,Animalia,Arthropoda,Hexapoda,Insecta,Pterygota,Neoptera,NA,Coleoptera,Polyphaga,NA,NA,Hydrophilidae,NA,NA,NA,Sperchopsis,NA,Sperchopsis tessellata,NA
Sphaeriidae,100,8,Animalia,Mollusca,NA,Bivalvia,Heterodonta,NA,NA,Veneroida,NA,NA,Corbiculoidea,Sphaeriidae,NA,NA,NA,NA,NA,NA,NA
Sphaerium sp.,374,33,Animalia,Mollusca,NA,Bivalvia,Heterodonta,NA,NA,Veneroida,NA,NA,Corbiculoidea,Sphaeriidae,NA,NA,NA,Sphaerium,NA,sp.,NA
Stagnicola sp.,3,1,Animalia,Mollusca,NA,Gastropoda,Heterobranchia,NA,NA,Hygrophila,NA,NA,Lymneoidea,Lymnaeidae,NA,NA,NA,Stagnicola,NA,sp.,NA
Stelechomyia perpulchra,2,2,Animalia,Arthropoda,Hexapoda,Insecta,NA,NA,NA,Diptera,Nematocera,NA,NA,Chironomidae,Chironominae,Chironomini,NA,Stelechomyia,NA,Stelechomyia perpulchra,NA
Stempellina sp.,2,2,Animalia,Arthropoda,Hexapoda,Insecta,NA,NA,NA,Diptera,Nematocera,NA,NA,Chironomidae,Chironominae,Tanytarsini,NA,Stempellina,NA,sp.,NA
Stempellinella sp.,28,10,Animalia,Arthropoda,Hexapoda,Insecta,NA,NA,NA,Diptera,Nematocera,NA,NA,Chironomidae,Chironominae,Tanytarsini,NA,Stempellinella,NA,sp.,NA
Stenacron interpunctatum,409,59,Animalia,Arthropoda,Hexapoda,Insecta,NA,NA,NA,Ephemeroptera,NA,NA,NA,Heptageniidae,NA,NA,NA,Stenacron,NA,Stenacron interpunctatum,NA
Stenacron sp.,60,25,Animalia,Arthropoda,Hexapoda,Insecta,NA,NA,NA,Ephemeroptera,NA,NA,NA,Heptageniidae,NA,NA,NA,Stenacron,NA,sp.,NA
Stenelmis sp.,604,76,Animalia,Arthropoda,Hexapoda,Insecta,Pterygota,Neoptera,NA,Coleoptera,Polyphaga,NA,NA,Elmidae,NA,NA,NA,Stenelmis,NA,sp.,NA
Stenochironomus sp.,157,54,Animalia,Arthropoda,Hexapoda,Insecta,NA,NA,NA,Diptera,Nematocera,NA,NA,Chironomidae,Chironominae,Chironomini,NA,Stenochironomus,NA,sp.,NA
Stenonema femoratum,106,21,Animalia,Arthropoda,Hexapoda,Insecta,NA,NA,NA,Ephemeroptera,NA,NA,NA,Heptageniidae,NA,NA,NA,Stenonema,NA,Stenonema femoratum,NA
Stictochironomus sp.,460,55,Animalia,Arthropoda,Hexapoda,Insecta,NA,NA,NA,Diptera,Nematocera,NA,NA,Chironomidae,Chironominae,Chironomini,NA,Stictochironomus,NA,sp.,NA
Stilobezzia sp.,2,2,Animalia,Arthropoda,Hexapoda,Insecta,NA,NA,NA,Diptera,Nematocera,NA,NA,Ceratopogonidae,Ceratopogoninae,NA,NA,Stilobezzia,NA,sp.,NA
Stratiomyidae,3,3,Animalia,Arthropoda,Hexapoda,Insecta,NA,NA,NA,Diptera,Brachycera,NA,NA,Stratiomyidae,NA,NA,NA,NA,NA,NA,NA
Stratiomys sp.,8,6,Animalia,Arthropoda,Hexapoda,Insecta,NA,NA,NA,Diptera,Brachycera,NA,NA,Stratiomyidae,NA,NA,NA,Stratiomys,NA,sp.,NA
Syrphidae,1,1,Animalia,Arthropoda,Hexapoda,Insecta,NA,NA,NA,Diptera,Brachycera,NA,NA,Syrphidae,NA,NA,NA,NA,NA,NA,NA
Tabanidae,24,15,Animalia,Arthropoda,Hexapoda,Insecta,NA,NA,NA,Diptera,Brachycera,NA,NA,Tabanidae,NA,NA,NA,NA,NA,NA,NA
Tanypus sp.,25,15,Animalia,Arthropoda,Hexapoda,Insecta,NA,NA,NA,Diptera,Nematocera,NA,NA,Chironomidae,Tanypodinae,Tanypodini,NA,Tanypus,NA,sp.,NA
Tanytarsini,1,1,Animalia,Arthropoda,Hexapoda,Insecta,NA,NA,NA,Diptera,Nematocera,NA,NA,Chironomidae,Chironominae,Tanytarsini,NA,NA,NA,NA,NA
Tanytarsus sp.,3165,141,Animalia,Arthropoda,Hexapoda,Insecta,NA,NA,NA,Diptera,Nematocera,NA,NA,Chironomidae,Chironominae,Tanytarsini,NA,Tanytarsus,NA,sp.,NA
Thermonectus sp.,1,1,Animalia,Arthropoda,Hexapoda,Insecta,Pterygota,Neoptera,NA,Coleoptera,Adephaga,NA,NA,Dytiscidae,Dytiscinae,NA,NA,Thermonectus,NA,sp.,NA
Thienemanniella sp.,249,52,Animalia,Arthropoda,Hexapoda,Insecta,NA,NA,NA,Diptera,Nematocera,NA,NA,Chironomidae,Orthocladiinae,NA,NA,Thienemanniella,NA,sp.,NA
Thienemannimyia gr. sp.,1721,146,Animalia,Arthropoda,Hexapoda,Insecta,NA,NA,NA,Diptera,Nematocera,NA,NA,Chironomidae,Tanypodinae,Pentaneurini,NA,Thienemannimyia gr.,NA,sp.,NA
Tipula sp.,30,20,Animalia,Arthropoda,Hexapoda,Insecta,NA,NA,NA,Diptera,NA,NA,NA,Tipulidae,Tipulinae,NA,NA,Tipula,NA,sp.,NA
Tipulidae,21,16,Animalia,Arthropoda,Hexapoda,Insecta,NA,NA,NA,Diptera,NA,NA,NA,Tipulidae,NA,NA,NA,NA,NA,NA,NA
Triaenodes sp.,31,7,Animalia,Arthropoda,Hexapoda,Insecta,Pterygota,Neoptera,NA,Trichoptera,NA,NA,NA,Leptoceridae,NA,NA,NA,Triaenodes,NA,sp.,NA
Tribelos jucundum,794,70,Animalia,Arthropoda,Hexapoda,Insecta,NA,NA,NA,Diptera,Nematocera,NA,NA,Chironomidae,Chironominae,Chironomini,NA,Tribelos,NA,Tribelos jucundum,NA
Tribelos sp.,110,35,Animalia,Arthropoda,Hexapoda,Insecta,NA,NA,NA,Diptera,Nematocera,NA,NA,Chironomidae,Chironominae,Chironomini,NA,Tribelos,NA,sp.,NA
Trichocorixa sp.,64,11,Animalia,Arthropoda,Hexapoda,Insecta,Pterygota,Neoptera,NA,Hemiptera,Heteroptera,NA,NA,Corixidae,NA,NA,NA,Trichocorixa,NA,sp.,NA
Trichoptera,1,1,Animalia,Arthropoda,Hexapoda,Insecta,Pterygota,Neoptera,NA,Trichoptera,NA,NA,NA,NA,NA,NA,NA,NA,NA,NA,NA
Tricorythodes sp.,1075,22,Animalia,Arthropoda,Hexapoda,Insecta,NA,NA,NA,Ephemeroptera,NA,NA,NA,Leptohyphidae,NA,NA,NA,Tricorythodes,NA,sp.,NA
Tropisternus sp.,35,23,Animalia,Arthropoda,Hexapoda,Insecta,Pterygota,Neoptera,NA,Coleoptera,Polyphaga,NA,NA,Hydrophilidae,NA,NA,NA,Tropisternus,NA,sp.,NA
Truncatelloidea,1,1,Animalia,Mollusca,NA,Gastropoda,Caenogastropoda,NA,NA,Littoridinomorpha,NA,NA,Truncatelloidea,NA,NA,NA,NA,NA,NA,NA,NA
Tubificidae,399,64,Animalia,Annelida,NA,Clitellata,Oligochaeta,NA,NA,Tubificida,NA,NA,NA,Tubificidae,NA,NA,NA,NA,NA,NA,NA
Turbellaria,16,7,Animalia,Platyhelminthes,NA,Turbellaria,NA,NA,NA,NA,NA,NA,NA,NA,NA,NA,NA,NA,NA,NA,NA
Unionicola sp.,2,2,Animalia,Arthropoda,Chelicerata,Arachnida,Acari,NA,Acariformes,Trombidiformes,NA,NA,NA,Unionicolidae,NA,NA,NA,Unionicola,NA,sp.,NA
Xenochironomus xenolabis,5,5,Animalia,Arthropoda,Hexapoda,Insecta,NA,NA,NA,Diptera,Nematocera,NA,NA,Chironomidae,Chironominae,Chironomini,NA,Xenochironomus,NA,Xenochironomus xenolabis,NA
Xylotopus par,3,3,Animalia,Arthropoda,Hexapoda,Insecta,NA,NA,NA,Diptera,Nematocera,NA,NA,Chironomidae,Orthocladiinae,NA,NA,Xylotopus,NA,Xylotopus par,NA
Zavreliella marmorata,1,1,Animalia,Arthropoda,Hexapoda,Insecta,NA,NA,NA,Diptera,Nematocera,NA,NA,Chironomidae,Chironominae,Chironomini,NA,Zavreliella,NA,Zavreliella marmorata,NA
Zavrelimyia sp.,301,67,Animalia,Arthropoda,Hexapoda,Insecta,NA,NA,NA,Diptera,Nematocera,NA,NA,Chironomidae,Tanypodinae,Pentaneurini,NA,Zavrelimyia,NA,sp.,NA
